{"song_time": [27.130977630615234, 26.97044014930725, 26.905248165130615, 26.879802703857422, 26.786068439483643, 26.870086908340454, 26.880099534988403, 26.924622535705566, 26.842591524124146, 63.434675216674805, 112.22028970718384, 111.97570061683655, 69.16676950454712, 111.64588260650635, 68.98576593399048, 111.20860385894775, 68.88934469223022, 113.01932644844055, 71.08340859413147, 110.57468056678772], "words_len_list": [7680, 7680, 7680, 7680, 7680, 7680, 7680, 7680, 7680, 7680, 7680, 7680, 7680, 7680, 7680, 7680, 7680, 7680, 7680, 7680], "ave token time:": 122.44952767277647, "ave song time": 62.71971926689148}